Changes made at Sat Aug  9 05:58:18 UTC 2025
Changes made at Thu Nov 20 14:07:22 UTC 2025
Changes made at Thu Nov 20 14:16:51 UTC 2025
Changes made at Thu Nov 20 16:21:37 UTC 2025
Changes made at Fri Nov 21 08:23:14 UTC 2025
Changes made at Fri Nov 21 10:17:30 UTC 2025
Changes made at Fri Nov 21 14:16:08 UTC 2025
Changes made at Fri Nov 21 16:20:42 UTC 2025
Changes made at Sat Nov 22 08:19:51 UTC 2025
Changes made at Sat Nov 22 10:15:36 UTC 2025
Changes made at Sat Nov 22 14:13:32 UTC 2025
Changes made at Sat Nov 22 16:18:28 UTC 2025
Changes made at Sun Nov 23 08:19:58 UTC 2025
Changes made at Sun Nov 23 10:15:29 UTC 2025
Changes made at Sun Nov 23 14:13:39 UTC 2025
Changes made at Sun Nov 23 16:18:23 UTC 2025
Changes made at Mon Nov 24 08:24:00 UTC 2025
Changes made at Mon Nov 24 10:19:17 UTC 2025
Changes made at Mon Nov 24 14:17:01 UTC 2025
Changes made at Mon Nov 24 16:18:57 UTC 2025
Changes made at Tue Nov 25 08:23:28 UTC 2025
Changes made at Tue Nov 25 10:19:59 UTC 2025
